Workbook

Sheet 영수증 내역
A1: 영수증 정리 (2025-07 ~ 2026-09)
A2: 합계는 "합계반영=Y" 이고 통화=CAD 인 건만 집계 (중복 사진·카드전표는 N). 미국(USD) 2건은 별도.
A3: CAD 합계 | I3: =SUMIFS(I6:I164,O6:O164,"Y",H6:H164,"CAD") | J3: =SUMIFS(J6:J164,O6:O164,"Y",H6:H164,"CAD") | K3: =SUMIFS(K6:K164,O6:O164,"Y",H6:H164,"CAD") | L3: =SUMIFS(L6:L164,O6:O164,"Y",H6:H164,"CAD") | M3: =SUMIFS(M6:M164,O6:O164,"Y",H6:H164,"CAD") | N3: =COUNTIFS(O6:O164,"Y",H6:H164,"CAD")&"건"
I4: 소계(세전) | J4: HST | K4: 기타세금 | L4: 팁 | M4: 합계
A5: No | B5: 날짜 | C5: 연월 | D5: 시간 | E5: 구입처 | F5: 구입처 그룹 | G5: 위치/주소 | H5: 통화 | I5: 소계(세전) | J5: HST | K5: 기타세금 | L5: 팁 | M5: 합계(총결제액) | N5: 결제수단 | O5: 합계반영 | P5: 비고 | Q5: 원본 파일
A6: 1 | B6: 45668 | C6: =IF(B6="","미기재",TEXT(B6,"yyyy-mm")) | D6: 16:53 | E6: Chick-fil-A | F6: Chick-fil-A | G6: Toronto Eaton Centre, Toronto | H6: CAD | I6: 7.39 | J6: 0.96 | M6: 8.35 | N6: Credit | O6: Y | P6: 확인 필요: 영수증 날짜 01/11/2025 → 미국식(MM/DD)으로 2025-01-11 처리. 일/월 순서면 2025-11-01 | Q6: IMG_5351.HEIC
A7: 2 | B7: 45853 | C7: =IF(B7="","미기재",TEXT(B7,"yyyy-mm")) | D7: 06:08 | E7: Etobicoke Olympium (FitnessTO) | F7: Etobicoke Olympium (FitnessTO) | G7: 590 Rathburn Rd, Toronto | H7: CAD | I7: 2.16 | J7: 0.28 | M7: 2.44 | N7: Visa | O7: Y | P7: 드롭인(Youth) | Q7: IMG_5596.HEIC
A8: 3 | B8: 45854 | C8: =IF(B8="","미기재",TEXT(B8,"yyyy-mm")) | D8: 06:12 | E8: Etobicoke Olympium (FitnessTO) | F8: Etobicoke Olympium (FitnessTO) | G8: 590 Rathburn Rd, Toronto | H8: CAD | I8: 2.16 | J8: 0.28 | M8: 2.44 | N8: Visa | O8: Y | P8: 드롭인 | Q8: IMG_5593.HEIC
A9: 4 | B9: 45855 | C9: =IF(B9="","미기재",TEXT(B9,"yyyy-mm")) | D9: 06:10 | E9: Etobicoke Olympium (FitnessTO) | F9: Etobicoke Olympium (FitnessTO) | G9: 590 Rathburn Rd, Toronto | H9: CAD | I9: 2.16 | J9: 0.28 | M9: 2.44 | N9: Visa | O9: Y | P9: 드롭인(Youth) | Q9: IMG_5595.HEIC
A10: 5 | B10: 45859 | C10: =IF(B10="","미기재",TEXT(B10,"yyyy-mm")) | D10: 06:51 | E10: Etobicoke Olympium (FitnessTO) | F10: Etobicoke Olympium (FitnessTO) | G10: 590 Rathburn Rd, Toronto | H10: CAD | I10: 2.16 | J10: 0.28 | M10: 2.44 | N10: Visa | O10: Y | P10: 드롭인 | Q10: IMG_5594.HEIC
A11: 6 | B11: 45884 | C11: =IF(B11="","미기재",TEXT(B11,"yyyy-mm")) | D11: 06:12 | E11: Etobicoke Olympium (FitnessTO) | F11: Etobicoke Olympium (FitnessTO) | G11: 590 Rathburn Rd, Toronto | H11: CAD | I11: 38.78 | J11: 5.04 | M11: 43.82 | N11: Visa | O11: Y | P11: 수영 멤버십 1개월(Adult) | Q11: IMG_5591.HEIC
A12: 7 | B12: 45884 | C12: =IF(B12="","미기재",TEXT(B12,"yyyy-mm")) | D12: 06:13 | E12: Etobicoke Olympium (FitnessTO) | F12: Etobicoke Olympium (FitnessTO) | G12: 590 Rathburn Rd, Toronto | H12: CAD | I12: 19.39 | J12: 2.52 | M12: 21.91 | N12: Visa | O12: Y | P12: 수영 멤버십 1개월(Youth) | Q12: IMG_5590.HEIC
A13: 8 | B13: 45884 | C13: =IF(B13="","미기재",TEXT(B13,"yyyy-mm")) | D13: 06:14 | E13: Etobicoke Olympium (FitnessTO) | F13: Etobicoke Olympium (FitnessTO) | G13: 590 Rathburn Rd, Toronto | H13: CAD | I13: 16.53 | J13: 2.15 | M13: 18.68 | N13: Visa | O13: Y | P13: 멤버십 1개월(Youth) | Q13: IMG_5597.HEIC
A14: 9 | B14: 45902 | C14: =IF(B14="","미기재",TEXT(B14,"yyyy-mm")) | D14: 13:46 | E14: Home Depot (North Queen) | F14: Home Depot | G14: 193 N Queen St, Etobicoke | H14: CAD | I14: 2147.48 | J14: 279.18 | M14: 2426.66 | N14: Mastercard | O14: Y | P14: 가전(GE Profile) 주문 + 부품 / 10% 할인 -218.80 / 배송 2025-09-10 | Q14: IMG_5651.HEIC
A15: 10 | B15: 45904 | C15: =IF(B15="","미기재",TEXT(B15,"yyyy-mm")) | D15: 12:43 | E15: SushiOne x Jjajang1980 | F15: SushiOne x Jjajang1980 | G15: 4924 Yonge St, North York | H15: CAD | I15: 40.49 | J15: 5.26 | M15: 45.75 | N15: Cash | O15: Y | P15: 소계 44.99에서 현금할인 10% -4.50 적용 | Q15: IMG_5531.HEIC
A16: 11 | B16: 45906 | C16: =IF(B16="","미기재",TEXT(B16,"yyyy-mm")) | D16: 10:56 | E16: Sport Chek (Yorkdale) | F16: Sport Chek | G16: 3401 Dufferin St, North York | H16: CAD | I16: -56.24 | J16: -7.31 | M16: -63.55 | N16: Mastercard | O16: Y | P16: 환불(RETURN) - 백팩 사이즈 교환 | Q16: IMG_5455.HEIC
A17: 12 | B17: 45906 | C17: =IF(B17="","미기재",TEXT(B17,"yyyy-mm")) | D17: 17:34 | E17: Uncle Tetsu (Yonge & Sheppard) | F17: Uncle Tetsu | G17: 4909 Yonge St, Toronto | H17: CAD | I17: 14.75 | J17: 0 | M17: 14.75 | N17: Mastercard | O17: Y | Q17: IMG_5530.HEIC
A18: 13 | B18: 45906 | C18: =IF(B18="","미기재",TEXT(B18,"yyyy-mm")) | D18: 17:41 | E18: 주차 (Alpha Control, 미터 742809) | F18: 주차 (Alpha Control, 미터 742809) | G18: 주소 미기재 | H18: CAD | M18: 1 | O18: Y | P18: 이메일 영수증 / 세금 내역 없음 | Q18: IMG_5607.HEIC
A19: 14 | B19: 45906 | C19: =IF(B19="","미기재",TEXT(B19,"yyyy-mm")) | D19: 18:45 | E19: Parksmart (주차, Mobile Permit) | F19: Parksmart (주차, Mobile Permit) | G19: 151 Beecroft Rd, Toronto | H19: CAD | M19: 4.37 | O19: Y | P19: 이메일 인보이스 / 세금 내역 없음 | Q19: IMG_5619.HEIC
A20: 15 | B20: 45909 | C20: =IF(B20="","미기재",TEXT(B20,"yyyy-mm")) | D20: 18:25 | E20: Staples (Grand Park) | F20: Staples | G20: 3950 Grand Park Dr, Mississauga | H20: CAD | I20: 2.58 | J20: 0.34 | M20: 2.92 | N20: Mastercard | O20: Y | P20: PC 대여 + 컬러 출력 | Q20: IMG_5615.HEIC
A21: 16 | B21: 45910 | C21: =IF(B21="","미기재",TEXT(B21,"yyyy-mm")) | D21: 17:34 | E21: Domino's Pizza #10482 | F21: Domino's Pizza | G21: 3843 Bloor St W, Etobicoke | H21: CAD | I21: 19 | J21: 2.47 | M21: 21.47 | N21: Visa | O21: Y | P21: 50% 피자 쿠폰 -18.98 적용 / 날짜는 카드전표(IMG_5521) 기준 | Q21: IMG_5522.HEIC
A22: 17 | B22: 45910 | C22: =IF(B22="","미기재",TEXT(B22,"yyyy-mm")) | D22: 18:00 | E22: Domino's Pizza #10482 | F22: Domino's Pizza | G22: 3843 Bloor St W, Etobicoke | H22: CAD | M22: 21.47 | N22: Visa | O22: N | P22: [중복] IMG_5522와 같은 거래의 카드전표 - 합계 제외 | Q22: IMG_5521.HEIC
A23: 18 | B23: 45913 | C23: =IF(B23="","미기재",TEXT(B23,"yyyy-mm")) | D23: 09:30 | E23: McDonald's (#1320) | F23: McDonald's | G23: 주소 미기재 | H23: CAD | I23: 16.59 | J23: 2.16 | M23: 18.75 | N23: Mastercard | O23: Y | P23: Two Can Dine 할인 -2.40 | Q23: IMG_5528.HEIC
A24: 19 | B24: 45913 | C24: =IF(B24="","미기재",TEXT(B24,"yyyy-mm")) | D24: 09:38 | E24: McDonald's (#1320) | F24: McDonald's | G24: 주소 미기재 | H24: CAD | I24: 12.06 | J24: 1.57 | M24: 13.63 | N24: Mastercard | O24: Y | P24: Two Can Dine 할인 -3.60 | Q24: IMG_5529.HEIC
A25: 20 | B25: 45913 | C25: =IF(B25="","미기재",TEXT(B25,"yyyy-mm")) | D25: 10:36 | E25: Costco Gas (#1655) | F25: Costco 주유소 | G25: 2260 Islington Ave, Etobicoke | H25: CAD | I25: 63.13 | J25: 8.21 | M25: 71.34 | N25: Mastercard | O25: Y | P25: 주유 52.114L (HST 포함가) | Q25: IMG_5543.HEIC
A26: 21 | B26: 45914 | C26: =IF(B26="","미기재",TEXT(B26,"yyyy-mm")) | D26: 18:08 | E26: Tim Hortons | F26: Tim Hortons | G26: 415 The Westway, Etobicoke | H26: CAD | I26: 9.99 | J26: 0 | M26: 9.99 | N26: Mastercard | O26: Y | Q26: IMG_5542.HEIC
A27: 22 | B27: 45916 | C27: =IF(B27="","미기재",TEXT(B27,"yyyy-mm")) | E27: Costco.ca 온라인 주문 | F27: Costco.ca (온라인) | G27: 온라인 (Order #1224456138) | H27: CAD | I27: 1299.99 | J27: 169 | M27: 1468.99 | N27: Mastercard | O27: Y | P27: Bayside 7피스 식탁세트 / 배송지 Mississauga | Q27: IMG_5620.HEIC
A28: 23 | B28: 45916 | C28: =IF(B28="","미기재",TEXT(B28,"yyyy-mm")) | D28: 18:16 | E28: Machi Machi (Eaton Centre) | F28: Machi Machi (Eaton Centre) | G28: 220 Yonge St, Toronto | H28: CAD | I28: 7.9 | J28: 1.03 | M28: 8.93 | N28: Debit | O28: Y | P28: 소계 15.80에서 직원할인 -7.90 적용 | Q28: IMG_5520.HEIC
A29: 24 | B29: 45920 | C29: =IF(B29="","미기재",TEXT(B29,"yyyy-mm")) | D29: 19:52 | E29: Tim Hortons | F29: Tim Hortons | G29: 415 The Westway, Etobicoke | H29: CAD | I29: 9.99 | J29: 0 | M29: 9.99 | N29: Mastercard | O29: Y | Q29: IMG_5540.HEIC
A30: 25 | B30: 45922 | C30: =IF(B30="","미기재",TEXT(B30,"yyyy-mm")) | D30: 06:45 | E30: Etobicoke Olympium (FitnessTO) | F30: Etobicoke Olympium (FitnessTO) | G30: 590 Rathburn Rd, Toronto | H30: CAD | I30: 219.88 | J30: 28.58 | M30: 248.46 | N30: Visa | O30: Y | P30: 멤버십(영수증 일부 가려짐) | Q30: IMG_5592.HEIC
A31: 26 | B31: 45922 | C31: =IF(B31="","미기재",TEXT(B31,"yyyy-mm")) | D31: 15:20 | E31: Uncle Tetsu (Yonge & Sheppard) | F31: Uncle Tetsu | G31: 4909 Yonge St, Toronto | H31: CAD | I31: 14.75 | J31: 0 | M31: 14.75 | N31: Mastercard | O31: Y | P31: 영수증+카드전표 한 장에 촬영 | Q31: IMG_5525.HEIC
A32: 27 | B32: 45922 | C32: =IF(B32="","미기재",TEXT(B32,"yyyy-mm")) | D32: 18:08 | E32: Kin-Kin Bakery & Bubble Tea | F32: Kin Kin Bakery | G32: Yonge-Sheppard Centre (4841 Yonge St), Toronto | H32: CAD | I32: 18.99 | J32: 0 | M32: 18.99 | N32: Mastercard | O32: Y | P32: 주문서엔 Cash 표기, 같은 시각 카드전표(IMG_5526)로 결제 확인 | Q32: IMG_5524.HEIC
A33: 28 | B33: 45922 | C33: =IF(B33="","미기재",TEXT(B33,"yyyy-mm")) | D33: 18:08 | E33: Kin Kin Bakery | F33: Kin Kin Bakery | G33: 4841 Yonge St, Toronto | H33: CAD | M33: 18.99 | N33: Mastercard | O33: N | P33: [중복] IMG_5524와 같은 거래의 카드전표 - 합계 제외 | Q33: IMG_5526.HEIC
A34: 29 | B34: 45924 | C34: =IF(B34="","미기재",TEXT(B34,"yyyy-mm")) | D34: 14:54 | E34: Tim Hortons | F34: Tim Hortons | G34: 1327 Dundas St E, Mississauga | H34: CAD | I34: 3.66 | J34: 0.18 | M34: 3.84 | N34: Mastercard | O34: Y | Q34: IMG_5523.HEIC
A35: 30 | B35: 45925 | C35: =IF(B35="","미기재",TEXT(B35,"yyyy-mm")) | D35: 19:09 | E35: Woojoo | F35: Woojoo | G35: 417 Bloor St W, Toronto | H35: CAD | I35: 44.95 | J35: 5.84 | M35: 50.79 | N35: Cash | O35: Y | P35: 10% 할인 -5.00 적용 | Q35: IMG_5527.HEIC
A36: 31 | B36: 45926 | C36: =IF(B36="","미기재",TEXT(B36,"yyyy-mm")) | D36: 12:16 | E36: Duct Cleaning & HVAC | F36: Duct Cleaning & HVAC | G36: Toronto (M1J 3E7) | H36: CAD | L36: 56.5 | M36: 621.5 | N36: Mastercard | O36: Y | P36: 카드전표만(세금 내역 없음) / 금액 565.00 + 팁 56.50 | Q36: IMG_5535.HEIC
A37: 32 | B37: 45929 | C37: =IF(B37="","미기재",TEXT(B37,"yyyy-mm")) | D37: 16:16 | E37: Copyright Copy Centre | F37: Copyright Copy Centre | G37: 215 Carlingview Dr, Etobicoke | H37: CAD | M37: 4 | N37: Mastercard | O37: Y | P37: 카드전표만(세금 내역 없음) | Q37: IMG_5546.HEIC
A38: 33 | B38: 45932 | C38: =IF(B38="","미기재",TEXT(B38,"yyyy-mm")) | D38: 09:40 | E38: Kin-Kin Bakery & Bubble Tea | F38: Kin Kin Bakery | G38: Yonge-Sheppard Centre (4841 Yonge St), Toronto | H38: CAD | I38: 25.98 | J38: 0 | M38: 25.98 | N38: Mastercard | O38: Y | P38: 주문서엔 Cash 표기, 같은 시각 카드전표(IMG_5548)로 결제 확인 | Q38: IMG_5549.HEIC
A39: 34 | B39: 45932 | C39: =IF(B39="","미기재",TEXT(B39,"yyyy-mm")) | D39: 09:42 | E39: Kin Kin Bakery | F39: Kin Kin Bakery | G39: 4841 Yonge St, Toronto | H39: CAD | M39: 25.98 | N39: Mastercard | O39: N | P39: [중복] IMG_5549와 같은 거래의 카드전표 - 합계 제외 | Q39: IMG_5548.HEIC
A40: 35 | B40: 45933 | C40: =IF(B40="","미기재",TEXT(B40,"yyyy-mm")) | D40: 22:05 | E40: ENZI Ice Cream | F40: ENZI Ice Cream | G40: 5317 Yonge St, Toronto | H40: CAD | I40: 12.4 | J40: 1.61 | M40: 14.01 | N40: Mastercard | O40: Y | Q40: IMG_5550.HEIC
A41: 36 | B41: 45934 | C41: =IF(B41="","미기재",TEXT(B41,"yyyy-mm")) | E41: ByteDance (CapCut Pro 연간 구독) | F41: ByteDance (CapCut Pro 연간 구독) | G41: 온라인 | H41: CAD | I41: 199.99 | J41: 26 | M41: 225.99 | O41: Y | Q41: IMG_5621.HEIC
A42: 37 | B42: 45934 | C42: =IF(B42="","미기재",TEXT(B42,"yyyy-mm")) | D42: 17:00 | E42: Cafe Kray | F42: Cafe Kray | G42: 4850 Yonge St, North York | H42: CAD | I42: 13.95 | J42: 1.81 | M42: 15.76 | N42: Visa | O42: Y | P42: 10% 할인 -1.55 적용 | Q42: IMG_5551.HEIC
A43: 38 | B43: 45936 | C43: =IF(B43="","미기재",TEXT(B43,"yyyy-mm")) | D43: 12:43 | E43: Costco Gas (#1655) | F43: Costco 주유소 | G43: 2260 Islington Ave, Etobicoke | H43: CAD | I43: 41.42 | J43: 5.38 | M43: 46.8 | N43: Mastercard | O43: Y | P43: 주유 39.031L (HST 포함가) | Q43: IMG_5488.HEIC
A44: 39 | B44: 45940 | C44: =IF(B44="","미기재",TEXT(B44,"yyyy-mm")) | D44: 13:42 | E44: Uncle Tetsu (Yonge & Sheppard) | F44: Uncle Tetsu | G44: 4909 Yonge St, Toronto | H44: CAD | I44: 14.75 | J44: 0 | M44: 14.75 | N44: Mastercard | O44: Y | P44: 영수증+카드전표 한 장에 촬영 | Q44: IMG_5589.HEIC
A45: 40 | B45: 45941 | C45: =IF(B45="","미기재",TEXT(B45,"yyyy-mm")) | D45: 11:48 | E45: H Mart | F45: H Mart | G45: 4885 Yonge St, North York | H45: CAD | I45: 85.22 | J45: 11.07 | M45: 96.29 | N45: Mastercard | O45: Y | P45: 치킨 메뉴(할인 적용) | Q45: IMG_5545.HEIC
A46: 41 | B46: 45941 | C46: =IF(B46="","미기재",TEXT(B46,"yyyy-mm")) | D46: 11:55 | E46: Kin Kin Bakery | F46: Kin Kin Bakery | G46: 4841 Yonge St, Toronto | H46: CAD | M46: 18.99 | N46: Mastercard | O46: Y | P46: 카드전표만(세금 내역 없음) | Q46: IMG_5547.HEIC
A47: 42 | B47: 45953 | C47: =IF(B47="","미기재",TEXT(B47,"yyyy-mm")) | D47: 19:18 | E47: Staples (Richmond Hill) | F47: Staples | G47: 45 Red Maple Rd, Richmond Hill | H47: CAD | I47: 1.18 | J47: 0.15 | M47: 1.33 | N47: Mastercard | O47: Y | P47: 컬러 출력 | Q47: IMG_5495.HEIC
A48: 43 | B48: 45957 | C48: =IF(B48="","미기재",TEXT(B48,"yyyy-mm")) | E48: YSH CPA Professional Corporation | F48: YSH CPA Professional Corporation | G48: 904-7191 Yonge St, Thornhill | H48: CAD | I48: 1800 | J48: 234 | M48: 2034 | O48: Y | P48: 인보이스 - 법인세(T2) 신고 대행 2025 / Bill to: Kay Pak Real Estate Corporation | Q48: IMG_5625.HEIC
A49: 44 | B49: 45959 | C49: =IF(B49="","미기재",TEXT(B49,"yyyy-mm")) | D49: 10:09 | E49: Hollister | F49: Hollister | G49: 220 Yonge St (Eaton Centre), Toronto | H49: CAD | I49: -37.46 | J49: -4.87 | M49: -42.33 | N49: Visa | O49: Y | P49: 환불(REFUND) - 스웨트셔츠 | Q49: IMG_5459.HEIC
A50: 45 | B50: 45960 | C50: =IF(B50="","미기재",TEXT(B50,"yyyy-mm")) | D50: 12:59 | E50: Bourbon St. Grill (Yonge Sheppard Centre) | F50: Bourbon St. Grill | G50: 4841 Yonge St, Toronto | H50: CAD | I50: 26.52 | J50: 3.45 | M50: 29.97 | N50: Mastercard | O50: Y | P50: 소계 29.47에서 10% 할인 -2.95 적용 | Q50: IMG_5506.HEIC
A51: 46 | B51: 45960 | C51: =IF(B51="","미기재",TEXT(B51,"yyyy-mm")) | D51: 12:59 | E51: Bourbon St. Grill (Yonge Sheppard Centre) | F51: Bourbon St. Grill | G51: 4841 Yonge St, Toronto | H51: CAD | M51: 29.97 | N51: Mastercard | O51: N | P51: [중복] IMG_5506과 같은 거래의 카드전표 - 합계 제외 | Q51: IMG_5508.HEIC
A52: 47 | B52: 45965 | C52: =IF(B52="","미기재",TEXT(B52,"yyyy-mm")) | D52: 16:57 | E52: Kajiken | F52: Kajiken | G52: 4850 Yonge St, North York | H52: CAD | I52: 51.97 | J52: 6.76 | M52: 58.73 | O52: Y | P52: 온라인 주문 | Q52: IMG_5504.HEIC
A53: 48 | B53: 45967 | C53: =IF(B53="","미기재",TEXT(B53,"yyyy-mm")) | D53: 12:20 | E53: Kin Kin Bakery | F53: Kin Kin Bakery | G53: 4841 Yonge St, Toronto | H53: CAD | M53: 12.99 | N53: Mastercard | O53: Y | P53: 카드전표만(세금 내역 없음) | Q53: IMG_5507.HEIC
A54: 49 | B54: 45967 | C54: =IF(B54="","미기재",TEXT(B54,"yyyy-mm")) | D54: 12:31 | E54: Spring Garden Convenience | F54: Spring Garden Convenience | G54: 57 Spring Garden Ave, Toronto | H54: CAD | M54: 45.2 | N54: Interac | O54: Y | P54: 카드전표만(세금 내역 없음) | Q54: IMG_5509.HEIC
A55: 50 | B55: 45968 | C55: =IF(B55="","미기재",TEXT(B55,"yyyy-mm")) | D55: 15:45 | E55: Costco Gas (#1655) | F55: Costco 주유소 | G55: 2260 Islington Ave, Etobicoke | H55: CAD | I55: 53.7 | J55: 6.98 | M55: 60.68 | N55: Mastercard | O55: Y | P55: 주유 47.815L (HST 포함가) | Q55: IMG_5423.HEIC
A56: 51 | B56: 45977 | C56: =IF(B56="","미기재",TEXT(B56,"yyyy-mm")) | D56: 13:32 | E56: Uniqlo (Yorkdale) | F56: Uniqlo (Yorkdale) | G56: 3401 Dufferin St, North York | H56: CAD | I56: 149.8 | J56: 19.47 | M56: 169.27 | N56: Mastercard | O56: Y | P56: 소계 159.80에서 생일쿠폰 -10.00 적용 | Q56: IMG_5502.HEIC
A57: 52 | B57: 45982 | C57: =IF(B57="","미기재",TEXT(B57,"yyyy-mm")) | D57: 14:07 | E57: Kamen Ramen | F57: Kamen Ramen | G57: 720 Burnhamthorpe Rd W, Mississauga | H57: CAD | I57: 39.9 | J57: 5.19 | L57: 6 | M57: 51.09 | N57: Mastercard | O57: Y | P57: 영수증+카드전표 한 장에 촬영 | Q57: IMG_5510.HEIC
A58: 53 | B58: 45984 | C58: =IF(B58="","미기재",TEXT(B58,"yyyy-mm")) | D58: 15:15 | E58: Kin Kin Bakery | F58: Kin Kin Bakery | G58: 4841 Yonge St, Toronto | H58: CAD | M58: 18.99 | N58: Mastercard | O58: Y | P58: 카드전표만(세금 내역 없음) | Q58: IMG_5513.HEIC
A59: 54 | B59: 45984 | C59: =IF(B59="","미기재",TEXT(B59,"yyyy-mm")) | D59: 16:20 | E59: Costco (#1655) | F59: Costco 매장 | G59: 2260 Islington Ave, Etobicoke | H59: CAD | I59: 53.97 | J59: 4.42 | M59: 58.39 | N59: Mastercard | O59: Y | P59: 할인 12.00 적용 | Q59: IMG_5514.HEIC
A60: 55 | B60: 45985 | C60: =IF(B60="","미기재",TEXT(B60,"yyyy-mm")) | E60: Costco.ca 온라인 주문 | F60: Costco.ca (온라인) | G60: 온라인 (Order #1241227324) | H60: CAD | M60: 0 | N60: Mastercard | O60: N | P60: [중복] IMG_5629와 같은 주문의 1페이지(품목) - 합계 제외 | Q60: IMG_5628.HEIC
A61: 56 | B61: 45985 | C61: =IF(B61="","미기재",TEXT(B61,"yyyy-mm")) | E61: Costco.ca 온라인 주문 | F61: Costco.ca (온라인) | G61: 온라인 (Order #1241227324) | H61: CAD | I61: 1764.89 | J61: 229.44 | M61: 1994.33 | N61: Mastercard | O61: Y | P61: LG 세탁기/건조기 등 3품목, 소계 1964.89에서 할인 -200 / 1페이지는 IMG_5628 | Q61: IMG_5629.HEIC
A62: 57 | B62: 45985 | C62: =IF(B62="","미기재",TEXT(B62,"yyyy-mm")) | E62: Costco.ca 온라인 주문 | F62: Costco.ca (온라인) | G62: 온라인 (Order #1241154412) | H62: CAD | M62: 0 | N62: Mastercard | O62: N | P62: [중복] IMG_5631과 같은 주문의 1페이지(품목) - 합계 제외 | Q62: IMG_5630.HEIC
A63: 58 | B63: 45985 | C63: =IF(B63="","미기재",TEXT(B63,"yyyy-mm")) | E63: Costco.ca 온라인 주문 | F63: Costco.ca (온라인) | G63: 온라인 (Order #1241154412) | H63: CAD | I63: 79.98 | J63: 10.4 | M63: 90.38 | N63: Mastercard | O63: Y | P63: 천장 조명 2개 / 1페이지는 IMG_5630 | Q63: IMG_5631.HEIC
A64: 59 | B64: 45989 | C64: =IF(B64="","미기재",TEXT(B64,"yyyy-mm")) | D64: 18:10 | E64: SushiOne x Jjajang1980 | F64: SushiOne x Jjajang1980 | G64: 4924 Yonge St, North York | H64: CAD | I64: 67.48 | J64: 8.77 | M64: 76.25 | N64: Cash | O64: Y | P64: 소계 74.98에서 현금할인 10% -7.50 적용 | Q64: IMG_5515.HEIC
A65: 60 | B65: 45991 | C65: =IF(B65="","미기재",TEXT(B65,"yyyy-mm")) | D65: 14:59 | E65: Pizza Hut | F65: Pizza Hut | G65: 1564 Royal York Rd, Etobicoke | H65: CAD | M65: 33.88 | N65: Visa | O65: Y | P65: 카드전표만(세금 내역 없음) | Q65: IMG_5517.HEIC
A66: 61 | B66: 45995 | C66: =IF(B66="","미기재",TEXT(B66,"yyyy-mm")) | D66: 17:03 | E66: Magic Auto | F66: Magic Auto | G66: 180 Limestone Cres, North York | H66: CAD | I66: 65 | J66: 8.45 | M66: 73.45 | N66: Mastercard | O66: Y | P66: 타이어 로테이션+펑크수리 (사진 흐림) | Q66: IMG_5627.HEIC
A67: 62 | B67: 46004 | C67: =IF(B67="","미기재",TEXT(B67,"yyyy-mm")) | D67: 10:30 | E67: Costco Gas (#1655) | F67: Costco 주유소 | G67: 2260 Islington Ave, Etobicoke | H67: CAD | I67: 51.81 | J67: 6.74 | M67: 58.55 | N67: Mastercard | O67: Y | P67: 주유 48.830L (HST 포함가) / 시간 일부 흐림 | Q67: IMG_5424.HEIC
A68: 63 | B68: 46004 | C68: =IF(B68="","미기재",TEXT(B68,"yyyy-mm")) | D68: 17:55 | E68: SushiOne x Jjajang1980 | F68: SushiOne x Jjajang1980 | G68: 4924 Yonge St, North York | H68: CAD | I68: 56.99 | J68: 7.41 | M68: 64.4 | O68: Y | Q68: IMG_5518.HEIC
A69: 64 | B69: 46007 | C69: =IF(B69="","미기재",TEXT(B69,"yyyy-mm")) | D69: 14:46 | E69: Sunny Dragon | F69: Sunny Dragon | G69: 398 Steeles Ave W #1, Vaughan | H69: CAD | I69: 25.98 | J69: 3.38 | M69: 29.36 | O69: Y | Q69: IMG_5491.HEIC
A70: 65 | B70: 46007 | C70: =IF(B70="","미기재",TEXT(B70,"yyyy-mm")) | D70: 20:15 | E70: Oretta (Downtown) | F70: Oretta (Downtown) | G70: 160 Front St W, Toronto | H70: CAD | I70: 24 | J70: 3.12 | L70: 4.88 | M70: 32 | N70: Interac | O70: Y | Q70: IMG_5519.HEIC
A71: 66 | B71: 46033 | C71: =IF(B71="","미기재",TEXT(B71,"yyyy-mm")) | D71: 11:06 | E71: Shell | F71: Shell | G71: 230 Lloydmanor Rd, Toronto | H71: CAD | I71: 56.02 | J71: 7.28 | M71: 63.3 | N71: Visa | O71: Y | P71: 주유 49.495L (HST 포함가) | Q71: IMG_5419.HEIC
A72: 67 | B72: 46041 | C72: =IF(B72="","미기재",TEXT(B72,"yyyy-mm")) | D72: 15:08 | E72: Tim Hortons | F72: Tim Hortons | G72: 1520 Aimco Blvd, Mississauga | H72: CAD | I72: 2.39 | J72: 0.12 | M72: 2.51 | N72: Mastercard | O72: Y | Q72: IMG_5372.HEIC
A73: 68 | B73: 46042 | C73: =IF(B73="","미기재",TEXT(B73,"yyyy-mm")) | D73: 12:29 | E73: Staples (Yonge and Steeles) | F73: Staples | G73: 32 Steeles Ave W, Thornhill | H73: CAD | I73: 4.13 | J73: 0.54 | M73: 4.67 | N73: Mastercard | O73: Y | P73: 컬러 출력 | Q73: IMG_5633.HEIC
A74: 69 | B74: 46043 | C74: =IF(B74="","미기재",TEXT(B74,"yyyy-mm")) | D74: 12:54 | E74: Enerplace (Air Filters) | F74: Enerplace (Air Filters) | G74: 2550 Goldenridge Rd, Mississauga | H74: CAD | I74: 52 | J74: 6.76 | M74: 58.76 | N74: Mastercard | O74: Y | P74: 에어필터 4개 | Q74: IMG_5647.HEIC
A75: 70 | B75: 46044 | C75: =IF(B75="","미기재",TEXT(B75,"yyyy-mm")) | D75: 11:08 | E75: Canco 718 Brampton | F75: Canco 718 Brampton | G75: 196 Steeles Ave E, Brampton | H75: CAD | I75: 44.25 | J75: 5.75 | M75: 50 | O75: Y | P75: 주유 39.715L (HST 포함가) | Q75: IMG_5429.HEIC
A76: 71 | B76: 46045 | C76: =IF(B76="","미기재",TEXT(B76,"yyyy-mm")) | D76: 12:33 | E76: Sport Chek (North Queen) - 온라인주문 반품 | F76: Sport Chek | G76: 162 North Queen St, Etobicoke | H76: CAD | I76: -99.97 | J76: -13 | M76: -112.97 | N76: Mastercard | O76: Y | P76: 환불(RETURN) - 신발 사이즈 | Q76: IMG_5570.HEIC
A77: 72 | B77: 46046 | C77: =IF(B77="","미기재",TEXT(B77,"yyyy-mm")) | D77: 09:00 | E77: Costco Gas (#1655) | F77: Costco 주유소 | G77: 2260 Islington Ave, Etobicoke | H77: CAD | I77: 43.91 | J77: 5.71 | M77: 49.62 | N77: Mastercard | O77: Y | P77: 주유 40.375L (HST 포함가) | Q77: IMG_5368.HEIC
A78: 73 | B78: 46053 | C78: =IF(B78="","미기재",TEXT(B78,"yyyy-mm")) | D78: 18:24 | E78: Tim Hortons | F78: Tim Hortons | G78: 5555 Eglinton Ave W, Etobicoke | H78: CAD | I78: 2.29 | J78: 0.11 | M78: 2.4 | N78: Mastercard | O78: Y | Q78: IMG_5369.HEIC
A79: 74 | B79: 46067 | C79: =IF(B79="","미기재",TEXT(B79,"yyyy-mm")) | D79: 10:58 | E79: Gap Outlet (Vaughan Mills) | F79: Gap Outlet (Vaughan Mills) | G79: 1 Bass Pro Mills Dr, Vaughan | H79: CAD | I79: 40 | J79: 5.2 | M79: 45.2 | N79: Visa | O79: Y | P79: 60% 할인 적용(-59.98) | Q79: IMG_5481.HEIC
A80: 75 | B80: 46067 | C80: =IF(B80="","미기재",TEXT(B80,"yyyy-mm")) | D80: 15:46 | E80: Tim Hortons | F80: Tim Hortons | G80: 2960 S Sheridan Way, Oakville | H80: CAD | I80: 2.39 | J80: 0.12 | M80: 2.51 | N80: Mastercard | O80: Y | Q80: IMG_5380.HEIC
A81: 76 | B81: 46070 | C81: =IF(B81="","미기재",TEXT(B81,"yyyy-mm")) | D81: 14:04 | E81: Gimbap Shop | F81: Gimbap Shop | G81: 11 Spring Garden Ave, North York | H81: CAD | I81: 31.98 | J81: 4.16 | L81: 5.42 | M81: 41.56 | N81: Mastercard | O81: Y | Q81: IMG_5379.HEIC
A82: 77 | B82: 46074 | C82: =IF(B82="","미기재",TEXT(B82,"yyyy-mm")) | D82: 09:46 | E82: Costco Gas (#1655) | F82: Costco 주유소 | G82: 2260 Islington Ave, Etobicoke | H82: CAD | I82: 53.58 | J82: 6.96 | M82: 60.54 | N82: Mastercard | O82: Y | P82: 주유 48.470L (HST 포함가) | Q82: IMG_5416.HEIC
A83: 78 | B83: 46081 | C83: =IF(B83="","미기재",TEXT(B83,"yyyy-mm")) | D83: 12:45 | E83: Pho Anh Vu (Yonge-Sheppard) | F83: Pho Anh Vu (Yonge-Sheppard) | G83: 5051 Yonge St, North York | H83: CAD | I83: 122.26 | J83: 15.89 | M83: 138.15 | O83: Y | P83: 소계 128.70에서 5% 할인 -6.44 적용 | Q83: IMG_5382.HEIC
A84: 79 | B84: 46085 | C84: =IF(B84="","미기재",TEXT(B84,"yyyy-mm")) | D84: 15:36 | E84: Le Labo Toronto Hazelton | F84: Le Labo Toronto Hazelton | G84: 15 Hazelton Ave, Toronto | H84: CAD | M84: 10.17 | N84: Interac | O84: Y | P84: 카드전표만(세금 내역 없음) | Q84: IMG_5362.HEIC
A85: 80 | B85: 46088 | C85: =IF(B85="","미기재",TEXT(B85,"yyyy-mm")) | D85: 18:10 | E85: Costco Gas (#1655) | F85: Costco 주유소 | G85: 2260 Islington Ave, Etobicoke | H85: CAD | I85: 56.12 | J85: 7.3 | M85: 63.42 | N85: Mastercard | O85: Y | P85: 주유 43.765L (HST 포함가) | Q85: IMG_5359.HEIC
A86: 81 | B86: 46095 | C86: =IF(B86="","미기재",TEXT(B86,"yyyy-mm")) | D86: 13:54 | E86: P.A.T Spring Garden Market | F86: P.A.T Spring Garden Market | G86: 63 Spring Garden Ave, North York | H86: CAD | I86: 1.29 | J86: 0.17 | M86: 1.46 | N86: Mastercard | O86: Y | Q86: IMG_5348.HEIC
A87: 82 | B87: 46095 | C87: =IF(B87="","미기재",TEXT(B87,"yyyy-mm")) | D87: 14:10 | E87: Tim Hortons | F87: Tim Hortons | G87: 4986 Yonge St, Toronto | H87: CAD | I87: 5.29 | J87: 0 | M87: 5.29 | N87: Visa | O87: Y | Q87: IMG_5347.HEIC
A88: 83 | B88: 46100 | C88: =IF(B88="","미기재",TEXT(B88,"yyyy-mm")) | D88: 15:19 | E88: Dixie Esso | F88: Esso | G88: 8044 Dixie Rd, Brampton | H88: CAD | I88: 44.25 | J88: 5.75 | M88: 50 | N88: Mastercard (Fleet) | O88: Y | P88: 주유 30.693L 선결제 (HST 포함가) | Q88: IMG_5421.HEIC
A89: 84 | B89: 46101 | C89: =IF(B89="","미기재",TEXT(B89,"yyyy-mm")) | D89: 08:42 | E89: Imperial Parking | F89: Imperial Parking | G89: 5343 Dundas St W, Toronto | H89: CAD | I89: 2.65 | J89: 0.35 | M89: 3 | N89: Mastercard | O89: Y | P89: 주차 22분 | Q89: IMG_5354.HEIC
A90: 85 | B90: 46101 | C90: =IF(B90="","미기재",TEXT(B90,"yyyy-mm")) | D90: 14:37 | E90: Imperial Parking | F90: Imperial Parking | G90: 5343 Dundas St W, Toronto | H90: CAD | I90: 5.31 | J90: 0.69 | M90: 6 | N90: Mastercard | O90: Y | P90: 주차 56분 | Q90: IMG_5353.HEIC
A91: 86 | B91: 46102 | C91: =IF(B91="","미기재",TEXT(B91,"yyyy-mm")) | D91: 12:40 | E91: Costco Gas (#1655) | F91: Costco 주유소 | G91: 2260 Islington Ave, Etobicoke | H91: CAD | I91: 40.32 | J91: 5.24 | M91: 45.56 | N91: Mastercard | O91: Y | P91: 주유 28.491L (HST 포함가) | Q91: IMG_5433.HEIC
A92: 87 | B92: 46103 | C92: =IF(B92="","미기재",TEXT(B92,"yyyy-mm")) | D92: 18:11 | E92: Tim Hortons | F92: Tim Hortons | G92: 4986 Yonge St, Toronto | H92: CAD | I92: 9.99 | J92: 0 | M92: 9.99 | N92: Mastercard | O92: Y | Q92: IMG_5568.HEIC
A93: 88 | B93: 46110 | C93: =IF(B93="","미기재",TEXT(B93,"yyyy-mm")) | D93: 15:06 | E93: Shout Karaoke | F93: Shout Karaoke | G93: 5600 Yonge St, North York | H93: CAD | I93: 30 | J93: 0 | M93: 30 | N93: Visa | O93: Y | P93: 세금 별도 표기 없음 | Q93: IMG_5573.HEIC
A94: 89 | B94: 46110 | C94: =IF(B94="","미기재",TEXT(B94,"yyyy-mm")) | D94: 18:30 | E94: Jangteo Gukbap | F94: Jangteo Gukbap | G94: 5433 Yonge St, North York | H94: CAD | I94: 75.8 | J94: 9.85 | L94: 12.85 | M94: 98.5 | N94: Mastercard | O94: Y | Q94: IMG_5569.HEIC
A95: 90 | B95: 46110 | C95: =IF(B95="","미기재",TEXT(B95,"yyyy-mm")) | D95: 19:08 | E95: McDonald's (#1320) | F95: McDonald's | G95: 주소 미기재 | H95: CAD | I95: 8.16 | J95: 1.06 | M95: 9.22 | N95: Mastercard | O95: Y | Q95: IMG_5571.HEIC
A96: 91 | B96: 46118 | C96: =IF(B96="","미기재",TEXT(B96,"yyyy-mm")) | D96: 08:55 | E96: Costco Gas (#1655) | F96: Costco 주유소 | G96: 2260 Islington Ave, Etobicoke | H96: CAD | I96: 58.44 | J96: 7.6 | M96: 66.04 | N96: Mastercard | O96: Y | P96: 주유 36.709L (HST 포함가) | Q96: IMG_5417.HEIC
A97: 92 | B97: 46118 | C97: =IF(B97="","미기재",TEXT(B97,"yyyy-mm")) | D97: 17:11 | E97: Domino's Pizza | F97: Domino's Pizza | G97: 3828A Bloor St W, Etobicoke | H97: CAD | M97: 33.88 | N97: Visa | O97: Y | P97: 카드전표만(세금 내역 없음) | Q97: IMG_5365.HEIC
A98: 93 | B98: 46119 | C98: =IF(B98="","미기재",TEXT(B98,"yyyy-mm")) | E98: MPAC Propertyline | F98: MPAC Propertyline | G98: 온라인 (Pickering) | H98: CAD | I98: 30 | J98: 3.9 | M98: 33.9 | O98: Y | P98: AVM 주거용 리포트 - 42 Jondan Cres, Thornhill | Q98: IMG_5635.HEIC
A99: 94 | B99: 46122 | C99: =IF(B99="","미기재",TEXT(B99,"yyyy-mm")) | D99: 17:43 | E99: IKEA Etobicoke | F99: IKEA Etobicoke | G99: 1475 The Queensway, Toronto | H99: CAD | I99: 34.96 | J99: 4.54 | M99: 39.5 | N99: Mastercard | O99: Y | Q99: IMG_5572.HEIC
A100: 95 | B100: 46125 | C100: =IF(B100="","미기재",TEXT(B100,"yyyy-mm")) | D100: 10:36 | E100: Kin Kin Bakery | F100: Kin Kin Bakery | G100: 4841 Yonge St, Toronto | H100: CAD | M100: 12.99 | N100: Mastercard | O100: Y | P100: 카드전표만(세금 내역 없음) | Q100: IMG_5574.HEIC
...

Sheet 월별 요약
A1: 월별 지출 요약 (CAD, 합계반영=Y)
A3: 연월 | B3: 건수 | C3: 소계(세전) | D3: HST | E3: 기타세금 | F3: 팁 | G3: 합계
A4: 2025-01 | B4: =COUNTIFS('영수증 내역'!$O$6:$O$164,"Y",'영수증 내역'!$H$6:$H$164,"CAD",'영수증 내역'!$C$6:$C$164,$A4) | C4: =SUMIFS('영수증 내역'!$I$6:$I$164,'영수증 내역'!$O$6:$O$164,"Y",'영수증 내역'!$H$6:$H$164,"CAD",'영수증 내역'!$C$6:$C$164,$A4) | D4: =SUMIFS('영수증 내역'!$J$6:$J$164,'영수증 내역'!$O$6:$O$164,"Y",'영수증 내역'!$H$6:$H$164,"CAD",'영수증 내역'!$C$6:$C$164,$A4) | E4: =SUMIFS('영수증 내역'!$K$6:$K$164,'영수증 내역'!$O$6:$O$164,"Y",'영수증 내역'!$H$6:$H$164,"CAD",'영수증 내역'!$C$6:$C$164,$A4) | F4: =SUMIFS('영수증 내역'!$L$6:$L$164,'영수증 내역'!$O$6:$O$164,"Y",'영수증 내역'!$H$6:$H$164,"CAD",'영수증 내역'!$C$6:$C$164,$A4) | G4: =SUMIFS('영수증 내역'!$M$6:$M$164,'영수증 내역'!$O$6:$O$164,"Y",'영수증 내역'!$H$6:$H$164,"CAD",'영수증 내역'!$C$6:$C$164,$A4)
A5: 2025-07 | B5: =COUNTIFS('영수증 내역'!$O$6:$O$164,"Y",'영수증 내역'!$H$6:$H$164,"CAD",'영수증 내역'!$C$6:$C$164,$A5) | C5: =SUMIFS('영수증 내역'!$I$6:$I$164,'영수증 내역'!$O$6:$O$164,"Y",'영수증 내역'!$H$6:$H$164,"CAD",'영수증 내역'!$C$6:$C$164,$A5) | D5: =SUMIFS('영수증 내역'!$J$6:$J$164,'영수증 내역'!$O$6:$O$164,"Y",'영수증 내역'!$H$6:$H$164,"CAD",'영수증 내역'!$C$6:$C$164,$A5) | E5: =SUMIFS('영수증 내역'!$K$6:$K$164,'영수증 내역'!$O$6:$O$164,"Y",'영수증 내역'!$H$6:$H$164,"CAD",'영수증 내역'!$C$6:$C$164,$A5) | F5: =SUMIFS('영수증 내역'!$L$6:$L$164,'영수증 내역'!$O$6:$O$164,"Y",'영수증 내역'!$H$6:$H$164,"CAD",'영수증 내역'!$C$6:$C$164,$A5) | G5: =SUMIFS('영수증 내역'!$M$6:$M$164,'영수증 내역'!$O$6:$O$164,"Y",'영수증 내역'!$H$6:$H$164,"CAD",'영수증 내역'!$C$6:$C$164,$A5)
A6: 2025-08 | B6: =COUNTIFS('영수증 내역'!$O$6:$O$164,"Y",'영수증 내역'!$H$6:$H$164,"CAD",'영수증 내역'!$C$6:$C$164,$A6) | C6: =SUMIFS('영수증 내역'!$I$6:$I$164,'영수증 내역'!$O$6:$O$164,"Y",'영수증 내역'!$H$6:$H$164,"CAD",'영수증 내역'!$C$6:$C$164,$A6) | D6: =SUMIFS('영수증 내역'!$J$6:$J$164,'영수증 내역'!$O$6:$O$164,"Y",'영수증 내역'!$H$6:$H$164,"CAD",'영수증 내역'!$C$6:$C$164,$A6) | E6: =SUMIFS('영수증 내역'!$K$6:$K$164,'영수증 내역'!$O$6:$O$164,"Y",'영수증 내역'!$H$6:$H$164,"CAD",'영수증 내역'!$C$6:$C$164,$A6) | F6: =SUMIFS('영수증 내역'!$L$6:$L$164,'영수증 내역'!$O$6:$O$164,"Y",'영수증 내역'!$H$6:$H$164,"CAD",'영수증 내역'!$C$6:$C$164,$A6) | G6: =SUMIFS('영수증 내역'!$M$6:$M$164,'영수증 내역'!$O$6:$O$164,"Y",'영수증 내역'!$H$6:$H$164,"CAD",'영수증 내역'!$C$6:$C$164,$A6)
A7: 2025-09 | B7: =COUNTIFS('영수증 내역'!$O$6:$O$164,"Y",'영수증 내역'!$H$6:$H$164,"CAD",'영수증 내역'!$C$6:$C$164,$A7) | C7: =SUMIFS('영수증 내역'!$I$6:$I$164,'영수증 내역'!$O$6:$O$164,"Y",'영수증 내역'!$H$6:$H$164,"CAD",'영수증 내역'!$C$6:$C$164,$A7) | D7: =SUMIFS('영수증 내역'!$J$6:$J$164,'영수증 내역'!$O$6:$O$164,"Y",'영수증 내역'!$H$6:$H$164,"CAD",'영수증 내역'!$C$6:$C$164,$A7) | E7: =SUMIFS('영수증 내역'!$K$6:$K$164,'영수증 내역'!$O$6:$O$164,"Y",'영수증 내역'!$H$6:$H$164,"CAD",'영수증 내역'!$C$6:$C$164,$A7) | F7: =SUMIFS('영수증 내역'!$L$6:$L$164,'영수증 내역'!$O$6:$O$164,"Y",'영수증 내역'!$H$6:$H$164,"CAD",'영수증 내역'!$C$6:$C$164,$A7) | G7: =SUMIFS('영수증 내역'!$M$6:$M$164,'영수증 내역'!$O$6:$O$164,"Y",'영수증 내역'!$H$6:$H$164,"CAD",'영수증 내역'!$C$6:$C$164,$A7)
A8: 2025-10 | B8: =COUNTIFS('영수증 내역'!$O$6:$O$164,"Y",'영수증 내역'!$H$6:$H$164,"CAD",'영수증 내역'!$C$6:$C$164,$A8) | C8: =SUMIFS('영수증 내역'!$I$6:$I$164,'영수증 내역'!$O$6:$O$164,"Y",'영수증 내역'!$H$6:$H$164,"CAD",'영수증 내역'!$C$6:$C$164,$A8) | D8: =SUMIFS('영수증 내역'!$J$6:$J$164,'영수증 내역'!$O$6:$O$164,"Y",'영수증 내역'!$H$6:$H$164,"CAD",'영수증 내역'!$C$6:$C$164,$A8) | E8: =SUMIFS('영수증 내역'!$K$6:$K$164,'영수증 내역'!$O$6:$O$164,"Y",'영수증 내역'!$H$6:$H$164,"CAD",'영수증 내역'!$C$6:$C$164,$A8) | F8: =SUMIFS('영수증 내역'!$L$6:$L$164,'영수증 내역'!$O$6:$O$164,"Y",'영수증 내역'!$H$6:$H$164,"CAD",'영수증 내역'!$C$6:$C$164,$A8) | G8: =SUMIFS('영수증 내역'!$M$6:$M$164,'영수증 내역'!$O$6:$O$164,"Y",'영수증 내역'!$H$6:$H$164,"CAD",'영수증 내역'!$C$6:$C$164,$A8)
A9: 2025-11 | B9: =COUNTIFS('영수증 내역'!$O$6:$O$164,"Y",'영수증 내역'!$H$6:$H$164,"CAD",'영수증 내역'!$C$6:$C$164,$A9) | C9: =SUMIFS('영수증 내역'!$I$6:$I$164,'영수증 내역'!$O$6:$O$164,"Y",'영수증 내역'!$H$6:$H$164,"CAD",'영수증 내역'!$C$6:$C$164,$A9) | D9: =SUMIFS('영수증 내역'!$J$6:$J$164,'영수증 내역'!$O$6:$O$164,"Y",'영수증 내역'!$H$6:$H$164,"CAD",'영수증 내역'!$C$6:$C$164,$A9) | E9: =SUMIFS('영수증 내역'!$K$6:$K$164,'영수증 내역'!$O$6:$O$164,"Y",'영수증 내역'!$H$6:$H$164,"CAD",'영수증 내역'!$C$6:$C$164,$A9) | F9: =SUMIFS('영수증 내역'!$L$6:$L$164,'영수증 내역'!$O$6:$O$164,"Y",'영수증 내역'!$H$6:$H$164,"CAD",'영수증 내역'!$C$6:$C$164,$A9) | G9: =SUMIFS('영수증 내역'!$M$6:$M$164,'영수증 내역'!$O$6:$O$164,"Y",'영수증 내역'!$H$6:$H$164,"CAD",'영수증 내역'!$C$6:$C$164,$A9)
A10: 2025-12 | B10: =COUNTIFS('영수증 내역'!$O$6:$O$164,"Y",'영수증 내역'!$H$6:$H$164,"CAD",'영수증 내역'!$C$6:$C$164,$A10) | C10: =SUMIFS('영수증 내역'!$I$6:$I$164,'영수증 내역'!$O$6:$O$164,"Y",'영수증 내역'!$H$6:$H$164,"CAD",'영수증 내역'!$C$6:$C$164,$A10) | D10: =SUMIFS('영수증 내역'!$J$6:$J$164,'영수증 내역'!$O$6:$O$164,"Y",'영수증 내역'!$H$6:$H$164,"CAD",'영수증 내역'!$C$6:$C$164,$A10) | E10: =SUMIFS('영수증 내역'!$K$6:$K$164,'영수증 내역'!$O$6:$O$164,"Y",'영수증 내역'!$H$6:$H$164,"CAD",'영수증 내역'!$C$6:$C$164,$A10) | F10: =SUMIFS('영수증 내역'!$L$6:$L$164,'영수증 내역'!$O$6:$O$164,"Y",'영수증 내역'!$H$6:$H$164,"CAD",'영수증 내역'!$C$6:$C$164,$A10) | G10: =SUMIFS('영수증 내역'!$M$6:$M$164,'영수증 내역'!$O$6:$O$164,"Y",'영수증 내역'!$H$6:$H$164,"CAD",'영수증 내역'!$C$6:$C$164,$A10)
A11: 2026-01 | B11: =COUNTIFS('영수증 내역'!$O$6:$O$164,"Y",'영수증 내역'!$H$6:$H$164,"CAD",'영수증 내역'!$C$6:$C$164,$A11) | C11: =SUMIFS('영수증 내역'!$I$6:$I$164,'영수증 내역'!$O$6:$O$164,"Y",'영수증 내역'!$H$6:$H$164,"CAD",'영수증 내역'!$C$6:$C$164,$A11) | D11: =SUMIFS('영수증 내역'!$J$6:$J$164,'영수증 내역'!$O$6:$O$164,"Y",'영수증 내역'!$H$6:$H$164,"CAD",'영수증 내역'!$C$6:$C$164,$A11) | E11: =SUMIFS('영수증 내역'!$K$6:$K$164,'영수증 내역'!$O$6:$O$164,"Y",'영수증 내역'!$H$6:$H$164,"CAD",'영수증 내역'!$C$6:$C$164,$A11) | F11: =SUMIFS('영수증 내역'!$L$6:$L$164,'영수증 내역'!$O$6:$O$164,"Y",'영수증 내역'!$H$6:$H$164,"CAD",'영수증 내역'!$C$6:$C$164,$A11) | G11: =SUMIFS('영수증 내역'!$M$6:$M$164,'영수증 내역'!$O$6:$O$164,"Y",'영수증 내역'!$H$6:$H$164,"CAD",'영수증 내역'!$C$6:$C$164,$A11)
A12: 2026-02 | B12: =COUNTIFS('영수증 내역'!$O$6:$O$164,"Y",'영수증 내역'!$H$6:$H$164,"CAD",'영수증 내역'!$C$6:$C$164,$A12) | C12: =SUMIFS('영수증 내역'!$I$6:$I$164,'영수증 내역'!$O$6:$O$164,"Y",'영수증 내역'!$H$6:$H$164,"CAD",'영수증 내역'!$C$6:$C$164,$A12) | D12: =SUMIFS('영수증 내역'!$J$6:$J$164,'영수증 내역'!$O$6:$O$164,"Y",'영수증 내역'!$H$6:$H$164,"CAD",'영수증 내역'!$C$6:$C$164,$A12) | E12: =SUMIFS('영수증 내역'!$K$6:$K$164,'영수증 내역'!$O$6:$O$164,"Y",'영수증 내역'!$H$6:$H$164,"CAD",'영수증 내역'!$C$6:$C$164,$A12) | F12: =SUMIFS('영수증 내역'!$L$6:$L$164,'영수증 내역'!$O$6:$O$164,"Y",'영수증 내역'!$H$6:$H$164,"CAD",'영수증 내역'!$C$6:$C$164,$A12) | G12: =SUMIFS('영수증 내역'!$M$6:$M$164,'영수증 내역'!$O$6:$O$164,"Y",'영수증 내역'!$H$6:$H$164,"CAD",'영수증 내역'!$C$6:$C$164,$A12)
A13: 2026-03 | B13: =COUNTIFS('영수증 내역'!$O$6:$O$164,"Y",'영수증 내역'!$H$6:$H$164,"CAD",'영수증 내역'!$C$6:$C$164,$A13) | C13: =SUMIFS('영수증 내역'!$I$6:$I$164,'영수증 내역'!$O$6:$O$164,"Y",'영수증 내역'!$H$6:$H$164,"CAD",'영수증 내역'!$C$6:$C$164,$A13) | D13: =SUMIFS('영수증 내역'!$J$6:$J$164,'영수증 내역'!$O$6:$O$164,"Y",'영수증 내역'!$H$6:$H$164,"CAD",'영수증 내역'!$C$6:$C$164,$A13) | E13: =SUMIFS('영수증 내역'!$K$6:$K$164,'영수증 내역'!$O$6:$O$164,"Y",'영수증 내역'!$H$6:$H$164,"CAD",'영수증 내역'!$C$6:$C$164,$A13) | F13: =SUMIFS('영수증 내역'!$L$6:$L$164,'영수증 내역'!$O$6:$O$164,"Y",'영수증 내역'!$H$6:$H$164,"CAD",'영수증 내역'!$C$6:$C$164,$A13) | G13: =SUMIFS('영수증 내역'!$M$6:$M$164,'영수증 내역'!$O$6:$O$164,"Y",'영수증 내역'!$H$6:$H$164,"CAD",'영수증 내역'!$C$6:$C$164,$A13)
A14: 2026-04 | B14: =COUNTIFS('영수증 내역'!$O$6:$O$164,"Y",'영수증 내역'!$H$6:$H$164,"CAD",'영수증 내역'!$C$6:$C$164,$A14) | C14: =SUMIFS('영수증 내역'!$I$6:$I$164,'영수증 내역'!$O$6:$O$164,"Y",'영수증 내역'!$H$6:$H$164,"CAD",'영수증 내역'!$C$6:$C$164,$A14) | D14: =SUMIFS('영수증 내역'!$J$6:$J$164,'영수증 내역'!$O$6:$O$164,"Y",'영수증 내역'!$H$6:$H$164,"CAD",'영수증 내역'!$C$6:$C$164,$A14) | E14: =SUMIFS('영수증 내역'!$K$6:$K$164,'영수증 내역'!$O$6:$O$164,"Y",'영수증 내역'!$H$6:$H$164,"CAD",'영수증 내역'!$C$6:$C$164,$A14) | F14: =SUMIFS('영수증 내역'!$L$6:$L$164,'영수증 내역'!$O$6:$O$164,"Y",'영수증 내역'!$H$6:$H$164,"CAD",'영수증 내역'!$C$6:$C$164,$A14) | G14: =SUMIFS('영수증 내역'!$M$6:$M$164,'영수증 내역'!$O$6:$O$164,"Y",'영수증 내역'!$H$6:$H$164,"CAD",'영수증 내역'!$C$6:$C$164,$A14)
A15: 2026-05 | B15: =COUNTIFS('영수증 내역'!$O$6:$O$164,"Y",'영수증 내역'!$H$6:$H$164,"CAD",'영수증 내역'!$C$6:$C$164,$A15) | C15: =SUMIFS('영수증 내역'!$I$6:$I$164,'영수증 내역'!$O$6:$O$164,"Y",'영수증 내역'!$H$6:$H$164,"CAD",'영수증 내역'!$C$6:$C$164,$A15) | D15: =SUMIFS('영수증 내역'!$J$6:$J$164,'영수증 내역'!$O$6:$O$164,"Y",'영수증 내역'!$H$6:$H$164,"CAD",'영수증 내역'!$C$6:$C$164,$A15) | E15: =SUMIFS('영수증 내역'!$K$6:$K$164,'영수증 내역'!$O$6:$O$164,"Y",'영수증 내역'!$H$6:$H$164,"CAD",'영수증 내역'!$C$6:$C$164,$A15) | F15: =SUMIFS('영수증 내역'!$L$6:$L$164,'영수증 내역'!$O$6:$O$164,"Y",'영수증 내역'!$H$6:$H$164,"CAD",'영수증 내역'!$C$6:$C$164,$A15) | G15: =SUMIFS('영수증 내역'!$M$6:$M$164,'영수증 내역'!$O$6:$O$164,"Y",'영수증 내역'!$H$6:$H$164,"CAD",'영수증 내역'!$C$6:$C$164,$A15)
... A20: 미기재 | B20: =COUNTIFS('영수증 내역'!$O$6:$O$164,"Y",'영수증 내역'!$H$6:$H$164,"CAD",'영수증 내역'!$C$6:$C$164,$A20) | C20: =SUMIFS('영수증 내역'!$I$6:$I$164,'영수증 내역'!$O$6:$O$164,"Y",'영수증 내역'!$H$6:$H$164,"CAD",'영수증 내역'!$C$6:$C$164,$A20) | D20: =SUMIFS('영수증 내역'!$J$6:$J$164,'영수증 내역'!$O$6:$O$164,"Y",'영수증 내역'!$H$6:$H$164,"CAD",'영수증 내역'!$C$6:$C$164,$A20) | E20: =SUMIFS('영수증 내역'!$K$6:$K$164,'영수증 내역'!$O$6:$O$164,"Y",'영수증 내역'!$H$6:$H$164,"CAD",'영수증 내역'!$C$6:$C$164,$A20) | F20: =SUMIFS('영수증 내역'!$L$6:$L$164,'영수증 내역'!$O$6:$O$164,"Y",'영수증 내역'!$H$6:$H$164,"CAD",'영수증 내역'!$C$6:$C$164,$A20) | G20: =SUMIFS('영수증 내역'!$M$6:$M$164,'영수증 내역'!$O$6:$O$164,"Y",'영수증 내역'!$H$6:$H$164,"CAD",'영수증 내역'!$C$6:$C$164,$A20)
A21: 합계 | B21: =SUM(B4:B20) | C21: =SUM(C4:C20) | D21: =SUM(D4:D20) | E21: =SUM(E4:E20) | F21: =SUM(F4:F20) | G21: =SUM(G4:G20)
A23: ※ 미국 영수증(USD) 2건은 이 표에서 제외됨 → 구입처별 요약 하단 참고

Sheet 구입처별 요약
A1: 구입처별 지출 요약 (합계반영=Y, 합계 큰 순)
A3: 구입처 그룹 | B3: 통화 | C3: 건수 | D3: 소계(세전) | E3: HST | F3: 기타세금 | G3: 팁 | H3: 합계
A4: Costco.ca (온라인) | B4: CAD | C4: =COUNTIFS('영수증 내역'!$O$6:$O$164,"Y",'영수증 내역'!$F$6:$F$164,$A4,'영수증 내역'!$H$6:$H$164,$B4) | D4: =SUMIFS('영수증 내역'!$I$6:$I$164,'영수증 내역'!$O$6:$O$164,"Y",'영수증 내역'!$F$6:$F$164,$A4,'영수증 내역'!$H$6:$H$164,$B4) | E4: =SUMIFS('영수증 내역'!$J$6:$J$164,'영수증 내역'!$O$6:$O$164,"Y",'영수증 내역'!$F$6:$F$164,$A4,'영수증 내역'!$H$6:$H$164,$B4) | F4: =SUMIFS('영수증 내역'!$K$6:$K$164,'영수증 내역'!$O$6:$O$164,"Y",'영수증 내역'!$F$6:$F$164,$A4,'영수증 내역'!$H$6:$H$164,$B4) | G4: =SUMIFS('영수증 내역'!$L$6:$L$164,'영수증 내역'!$O$6:$O$164,"Y",'영수증 내역'!$F$6:$F$164,$A4,'영수증 내역'!$H$6:$H$164,$B4) | H4: =SUMIFS('영수증 내역'!$M$6:$M$164,'영수증 내역'!$O$6:$O$164,"Y",'영수증 내역'!$F$6:$F$164,$A4,'영수증 내역'!$H$6:$H$164,$B4)
A5: Home Depot | B5: CAD | C5: =COUNTIFS('영수증 내역'!$O$6:$O$164,"Y",'영수증 내역'!$F$6:$F$164,$A5,'영수증 내역'!$H$6:$H$164,$B5) | D5: =SUMIFS('영수증 내역'!$I$6:$I$164,'영수증 내역'!$O$6:$O$164,"Y",'영수증 내역'!$F$6:$F$164,$A5,'영수증 내역'!$H$6:$H$164,$B5) | E5: =SUMIFS('영수증 내역'!$J$6:$J$164,'영수증 내역'!$O$6:$O$164,"Y",'영수증 내역'!$F$6:$F$164,$A5,'영수증 내역'!$H$6:$H$164,$B5) | F5: =SUMIFS('영수증 내역'!$K$6:$K$164,'영수증 내역'!$O$6:$O$164,"Y",'영수증 내역'!$F$6:$F$164,$A5,'영수증 내역'!$H$6:$H$164,$B5) | G5: =SUMIFS('영수증 내역'!$L$6:$L$164,'영수증 내역'!$O$6:$O$164,"Y",'영수증 내역'!$F$6:$F$164,$A5,'영수증 내역'!$H$6:$H$164,$B5) | H5: =SUMIFS('영수증 내역'!$M$6:$M$164,'영수증 내역'!$O$6:$O$164,"Y",'영수증 내역'!$F$6:$F$164,$A5,'영수증 내역'!$H$6:$H$164,$B5)
A6: Mac Outpost | B6: CAD | C6: =COUNTIFS('영수증 내역'!$O$6:$O$164,"Y",'영수증 내역'!$F$6:$F$164,$A6,'영수증 내역'!$H$6:$H$164,$B6) | D6: =SUMIFS('영수증 내역'!$I$6:$I$164,'영수증 내역'!$O$6:$O$164,"Y",'영수증 내역'!$F$6:$F$164,$A6,'영수증 내역'!$H$6:$H$164,$B6) | E6: =SUMIFS('영수증 내역'!$J$6:$J$164,'영수증 내역'!$O$6:$O$164,"Y",'영수증 내역'!$F$6:$F$164,$A6,'영수증 내역'!$H$6:$H$164,$B6) | F6: =SUMIFS('영수증 내역'!$K$6:$K$164,'영수증 내역'!$O$6:$O$164,"Y",'영수증 내역'!$F$6:$F$164,$A6,'영수증 내역'!$H$6:$H$164,$B6) | G6: =SUMIFS('영수증 내역'!$L$6:$L$164,'영수증 내역'!$O$6:$O$164,"Y",'영수증 내역'!$F$6:$F$164,$A6,'영수증 내역'!$H$6:$H$164,$B6) | H6: =SUMIFS('영수증 내역'!$M$6:$M$164,'영수증 내역'!$O$6:$O$164,"Y",'영수증 내역'!$F$6:$F$164,$A6,'영수증 내역'!$H$6:$H$164,$B6)
A7: YSH CPA Professional Corporation | B7: CAD | C7: =COUNTIFS('영수증 내역'!$O$6:$O$164,"Y",'영수증 내역'!$F$6:$F$164,$A7,'영수증 내역'!$H$6:$H$164,$B7) | D7: =SUMIFS('영수증 내역'!$I$6:$I$164,'영수증 내역'!$O$6:$O$164,"Y",'영수증 내역'!$F$6:$F$164,$A7,'영수증 내역'!$H$6:$H$164,$B7) | E7: =SUMIFS('영수증 내역'!$J$6:$J$164,'영수증 내역'!$O$6:$O$164,"Y",'영수증 내역'!$F$6:$F$164,$A7,'영수증 내역'!$H$6:$H$164,$B7) | F7: =SUMIFS('영수증 내역'!$K$6:$K$164,'영수증 내역'!$O$6:$O$164,"Y",'영수증 내역'!$F$6:$F$164,$A7,'영수증 내역'!$H$6:$H$164,$B7) | G7: =SUMIFS('영수증 내역'!$L$6:$L$164,'영수증 내역'!$O$6:$O$164,"Y",'영수증 내역'!$F$6:$F$164,$A7,'영수증 내역'!$H$6:$H$164,$B7) | H7: =SUMIFS('영수증 내역'!$M$6:$M$164,'영수증 내역'!$O$6:$O$164,"Y",'영수증 내역'!$F$6:$F$164,$A7,'영수증 내역'!$H$6:$H$164,$B7)
A8: Costco 주유소 | B8: CAD | C8: =COUNTIFS('영수증 내역'!$O$6:$O$164,"Y",'영수증 내역'!$F$6:$F$164,$A8,'영수증 내역'!$H$6:$H$164,$B8) | D8: =SUMIFS('영수증 내역'!$I$6:$I$164,'영수증 내역'!$O$6:$O$164,"Y",'영수증 내역'!$F$6:$F$164,$A8,'영수증 내역'!$H$6:$H$164,$B8) | E8: =SUMIFS('영수증 내역'!$J$6:$J$164,'영수증 내역'!$O$6:$O$164,"Y",'영수증 내역'!$F$6:$F$164,$A8,'영수증 내역'!$H$6:$H$164,$B8) | F8: =SUMIFS('영수증 내역'!$K$6:$K$164,'영수증 내역'!$O$6:$O$164,"Y",'영수증 내역'!$F$6:$F$164,$A8,'영수증 내역'!$H$6:$H$164,$B8) | G8: =SUMIFS('영수증 내역'!$L$6:$L$164,'영수증 내역'!$O$6:$O$164,"Y",'영수증 내역'!$F$6:$F$164,$A8,'영수증 내역'!$H$6:$H$164,$B8) | H8: =SUMIFS('영수증 내역'!$M$6:$M$164,'영수증 내역'!$O$6:$O$164,"Y",'영수증 내역'!$F$6:$F$164,$A8,'영수증 내역'!$H$6:$H$164,$B8)
A9: Duct Cleaning & HVAC | B9: CAD | C9: =COUNTIFS('영수증 내역'!$O$6:$O$164,"Y",'영수증 내역'!$F$6:$F$164,$A9,'영수증 내역'!$H$6:$H$164,$B9) | D9: =SUMIFS('영수증 내역'!$I$6:$I$164,'영수증 내역'!$O$6:$O$164,"Y",'영수증 내역'!$F$6:$F$164,$A9,'영수증 내역'!$H$6:$H$164,$B9) | E9: =SUMIFS('영수증 내역'!$J$6:$J$164,'영수증 내역'!$O$6:$O$164,"Y",'영수증 내역'!$F$6:$F$164,$A9,'영수증 내역'!$H$6:$H$164,$B9) | F9: =SUMIFS('영수증 내역'!$K$6:$K$164,'영수증 내역'!$O$6:$O$164,"Y",'영수증 내역'!$F$6:$F$164,$A9,'영수증 내역'!$H$6:$H$164,$B9) | G9: =SUMIFS('영수증 내역'!$L$6:$L$164,'영수증 내역'!$O$6:$O$164,"Y",'영수증 내역'!$F$6:$F$164,$A9,'영수증 내역'!$H$6:$H$164,$B9) | H9: =SUMIFS('영수증 내역'!$M$6:$M$164,'영수증 내역'!$O$6:$O$164,"Y",'영수증 내역'!$F$6:$F$164,$A9,'영수증 내역'!$H$6:$H$164,$B9)
A10: RECO (Real Estate Council of Ontario) | B10: CAD | C10: =COUNTIFS('영수증 내역'!$O$6:$O$164,"Y",'영수증 내역'!$F$6:$F$164,$A10,'영수증 내역'!$H$6:$H$164,$B10) | D10: =SUMIFS('영수증 내역'!$I$6:$I$164,'영수증 내역'!$O$6:$O$164,"Y",'영수증 내역'!$F$6:$F$164,$A10,'영수증 내역'!$H$6:$H$164,$B10) | E10: =SUMIFS('영수증 내역'!$J$6:$J$164,'영수증 내역'!$O$6:$O$164,"Y",'영수증 내역'!$F$6:$F$164,$A10,'영수증 내역'!$H$6:$H$164,$B10) | F10: =SUMIFS('영수증 내역'!$K$6:$K$164,'영수증 내역'!$O$6:$O$164,"Y",'영수증 내역'!$F$6:$F$164,$A10,'영수증 내역'!$H$6:$H$164,$B10) | G10: =SUMIFS('영수증 내역'!$L$6:$L$164,'영수증 내역'!$O$6:$O$164,"Y",'영수증 내역'!$F$6:$F$164,$A10,'영수증 내역'!$H$6:$H$164,$B10) | H10: =SUMIFS('영수증 내역'!$M$6:$M$164,'영수증 내역'!$O$6:$O$164,"Y",'영수증 내역'!$F$6:$F$164,$A10,'영수증 내역'!$H$6:$H$164,$B10)
A11: Anthropic (Claude) | B11: CAD | C11: =COUNTIFS('영수증 내역'!$O$6:$O$164,"Y",'영수증 내역'!$F$6:$F$164,$A11,'영수증 내역'!$H$6:$H$164,$B11) | D11: =SUMIFS('영수증 내역'!$I$6:$I$164,'영수증 내역'!$O$6:$O$164,"Y",'영수증 내역'!$F$6:$F$164,$A11,'영수증 내역'!$H$6:$H$164,$B11) | E11: =SUMIFS('영수증 내역'!$J$6:$J$164,'영수증 내역'!$O$6:$O$164,"Y",'영수증 내역'!$F$6:$F$164,$A11,'영수증 내역'!$H$6:$H$164,$B11) | F11: =SUMIFS('영수증 내역'!$K$6:$K$164,'영수증 내역'!$O$6:$O$164,"Y",'영수증 내역'!$F$6:$F$164,$A11,'영수증 내역'!$H$6:$H$164,$B11) | G11: =SUMIFS('영수증 내역'!$L$6:$L$164,'영수증 내역'!$O$6:$O$164,"Y",'영수증 내역'!$F$6:$F$164,$A11,'영수증 내역'!$H$6:$H$164,$B11) | H11: =SUMIFS('영수증 내역'!$M$6:$M$164,'영수증 내역'!$O$6:$O$164,"Y",'영수증 내역'!$F$6:$F$164,$A11,'영수증 내역'!$H$6:$H$164,$B11)
A12: Etobicoke Olympium (FitnessTO) | B12: CAD | C12: =COUNTIFS('영수증 내역'!$O$6:$O$164,"Y",'영수증 내역'!$F$6:$F$164,$A12,'영수증 내역'!$H$6:$H$164,$B12) | D12: =SUMIFS('영수증 내역'!$I$6:$I$164,'영수증 내역'!$O$6:$O$164,"Y",'영수증 내역'!$F$6:$F$164,$A12,'영수증 내역'!$H$6:$H$164,$B12) | E12: =SUMIFS('영수증 내역'!$J$6:$J$164,'영수증 내역'!$O$6:$O$164,"Y",'영수증 내역'!$F$6:$F$164,$A12,'영수증 내역'!$H$6:$H$164,$B12) | F12: =SUMIFS('영수증 내역'!$K$6:$K$164,'영수증 내역'!$O$6:$O$164,"Y",'영수증 내역'!$F$6:$F$164,$A12,'영수증 내역'!$H$6:$H$164,$B12) | G12: =SUMIFS('영수증 내역'!$L$6:$L$164,'영수증 내역'!$O$6:$O$164,"Y",'영수증 내역'!$F$6:$F$164,$A12,'영수증 내역'!$H$6:$H$164,$B12) | H12: =SUMIFS('영수증 내역'!$M$6:$M$164,'영수증 내역'!$O$6:$O$164,"Y",'영수증 내역'!$F$6:$F$164,$A12,'영수증 내역'!$H$6:$H$164,$B12)
A13: ByteDance (CapCut Pro 연간 구독) | B13: CAD | C13: =COUNTIFS('영수증 내역'!$O$6:$O$164,"Y",'영수증 내역'!$F$6:$F$164,$A13,'영수증 내역'!$H$6:$H$164,$B13) | D13: =SUMIFS('영수증 내역'!$I$6:$I$164,'영수증 내역'!$O$6:$O$164,"Y",'영수증 내역'!$F$6:$F$164,$A13,'영수증 내역'!$H$6:$H$164,$B13) | E13: =SUMIFS('영수증 내역'!$J$6:$J$164,'영수증 내역'!$O$6:$O$164,"Y",'영수증 내역'!$F$6:$F$164,$A13,'영수증 내역'!$H$6:$H$164,$B13) | F13: =SUMIFS('영수증 내역'!$K$6:$K$164,'영수증 내역'!$O$6:$O$164,"Y",'영수증 내역'!$F$6:$F$164,$A13,'영수증 내역'!$H$6:$H$164,$B13) | G13: =SUMIFS('영수증 내역'!$L$6:$L$164,'영수증 내역'!$O$6:$O$164,"Y",'영수증 내역'!$F$6:$F$164,$A13,'영수증 내역'!$H$6:$H$164,$B13) | H13: =SUMIFS('영수증 내역'!$M$6:$M$164,'영수증 내역'!$O$6:$O$164,"Y",'영수증 내역'!$F$6:$F$164,$A13,'영수증 내역'!$H$6:$H$164,$B13)
A14: Sushi Legend | B14: CAD | C14: =COUNTIFS('영수증 내역'!$O$6:$O$164,"Y",'영수증 내역'!$F$6:$F$164,$A14,'영수증 내역'!$H$6:$H$164,$B14) | D14: =SUMIFS('영수증 내역'!$I$6:$I$164,'영수증 내역'!$O$6:$O$164,"Y",'영수증 내역'!$F$6:$F$164,$A14,'영수증 내역'!$H$6:$H$164,$B14) | E14: =SUMIFS('영수증 내역'!$J$6:$J$164,'영수증 내역'!$O$6:$O$164,"Y",'영수증 내역'!$F$6:$F$164,$A14,'영수증 내역'!$H$6:$H$164,$B14) | F14: =SUMIFS('영수증 내역'!$K$6:$K$164,'영수증 내역'!$O$6:$O$164,"Y",'영수증 내역'!$F$6:$F$164,$A14,'영수증 내역'!$H$6:$H$164,$B14) | G14: =SUMIFS('영수증 내역'!$L$6:$L$164,'영수증 내역'!$O$6:$O$164,"Y",'영수증 내역'!$F$6:$F$164,$A14,'영수증 내역'!$H$6:$H$164,$B14) | H14: =SUMIFS('영수증 내역'!$M$6:$M$164,'영수증 내역'!$O$6:$O$164,"Y",'영수증 내역'!$F$6:$F$164,$A14,'영수증 내역'!$H$6:$H$164,$B14)
A15: Jangteo Gukbap | B15: CAD | C15: =COUNTIFS('영수증 내역'!$O$6:$O$164,"Y",'영수증 내역'!$F$6:$F$164,$A15,'영수증 내역'!$H$6:$H$164,$B15) | D15: =SUMIFS('영수증 내역'!$I$6:$I$164,'영수증 내역'!$O$6:$O$164,"Y",'영수증 내역'!$F$6:$F$164,$A15,'영수증 내역'!$H$6:$H$164,$B15) | E15: =SUMIFS('영수증 내역'!$J$6:$J$164,'영수증 내역'!$O$6:$O$164,"Y",'영수증 내역'!$F$6:$F$164,$A15,'영수증 내역'!$H$6:$H$164,$B15) | F15: =SUMIFS('영수증 내역'!$K$6:$K$164,'영수증 내역'!$O$6:$O$164,"Y",'영수증 내역'!$F$6:$F$164,$A15,'영수증 내역'!$H$6:$H$164,$B15) | G15: =SUMIFS('영수증 내역'!$L$6:$L$164,'영수증 내역'!$O$6:$O$164,"Y",'영수증 내역'!$F$6:$F$164,$A15,'영수증 내역'!$H$6:$H$164,$B15) | H15: =SUMIFS('영수증 내역'!$M$6:$M$164,'영수증 내역'!$O$6:$O$164,"Y",'영수증 내역'!$F$6:$F$164,$A15,'영수증 내역'!$H$6:$H$164,$B15)
... A79: Dunkin' (LaGuardia 공항, 미국) | B79: USD | C79: =COUNTIFS('영수증 내역'!$O$6:$O$164,"Y",'영수증 내역'!$F$6:$F$164,$A79,'영수증 내역'!$H$6:$H$164,$B79) | D79: =SUMIFS('영수증 내역'!$I$6:$I$164,'영수증 내역'!$O$6:$O$164,"Y",'영수증 내역'!$F$6:$F$164,$A79,'영수증 내역'!$H$6:$H$164,$B79) | E79: =SUMIFS('영수증 내역'!$J$6:$J$164,'영수증 내역'!$O$6:$O$164,"Y",'영수증 내역'!$F$6:$F$164,$A79,'영수증 내역'!$H$6:$H$164,$B79) | F79: =SUMIFS('영수증 내역'!$K$6:$K$164,'영수증 내역'!$O$6:$O$164,"Y",'영수증 내역'!$F$6:$F$164,$A79,'영수증 내역'!$H$6:$H$164,$B79) | G79: =SUMIFS('영수증 내역'!$L$6:$L$164,'영수증 내역'!$O$6:$O$164,"Y",'영수증 내역'!$F$6:$F$164,$A79,'영수증 내역'!$H$6:$H$164,$B79) | H79: =SUMIFS('영수증 내역'!$M$6:$M$164,'영수증 내역'!$O$6:$O$164,"Y",'영수증 내역'!$F$6:$F$164,$A79,'영수증 내역'!$H$6:$H$164,$B79)
A80: 합계 (CAD) | C80: =SUMIFS(C4:C79,B4:B79,"CAD") | D80: =SUMIFS(D4:D79,$B$4:$B$79,"CAD") | E80: =SUMIFS(E4:E79,$B$4:$B$79,"CAD") | F80: =SUMIFS(F4:F79,$B$4:$B$79,"CAD") | G80: =SUMIFS(G4:G79,$B$4:$B$79,"CAD") | H80: =SUMIFS(H4:H79,$B$4:$B$79,"CAD")

Sheet 안내
A1: 안내
A3: 대상 | B3: Google Drive 폴더의 영수증 사진 159장 (HEIC). 동일 사진 2장(IMG_5338)은 1건으로 처리 → 158장, 한 장에 2건이 적힌 Noki 영수증은 2행으로 분리
A4: 합계반영 = N | B4: 같은 거래의 카드전표·2페이지 등 중복 사진 (8행). 목록엔 남겨 두고 합계에서만 제외
A5: HST 빈칸 | B5: 카드전표만 있거나 영수증에 세금이 따로 표기되지 않은 건 (금액은 총액만 기록)
A6: HST 0.00 | B6: 비과세 품목 (예: Timbits 50개, 처방약, 일부 베이커리/식품, 기프트코드)
A7: 주유 영수증 | B7: 주유는 HST 포함가. 영수증의 "HST Included" 금액을 HST로, 총액-HST를 소계로 기록
A8: 기타세금 | B8: HST가 아닌 세금: RECO 보험료 PST 8% (34.48), 미국 판매세 2건
A9: USD | B9: 미국(뉴욕) 영수증 2건은 달러(USD) 그대로 기록, CAD 합계에서 제외
A10: 환불 | B10: Sport Chek 반품 2건(2025-09-06, 2026-01-23)과 Hollister 환불 1건은 음수(-)로 기록 → 합계에서 차감
A11: 추정/확인 필요 | B11: IMG_5473 상호 미기재(A&W로 추정) · IMG_5575 LCBO 날짜 미기재, HST 역산 · IMG_5613 맥북은 주문확인서(결제 대기) · IMG_5625 CPA 인보이스(결제 영수증 아님) · IMG_5627 사진 흐림 · IMG_5351 Chick-fil-A 날짜 01/11/2025 (1월 11일 또는 11월 1일)
A12: 날짜 해석 | B12: 미국식(MM/DD) 표기 영수증은 영수증 종류별로 해석. 예: ServiceOntario 09-04-2026 → 2026-09-04, Home Depot 02/09/25 → 2025-09-02 (DD/MM)
